company,industry,address,plz,region_prio,phone,email,website,doors_in_use,brand,year,photo_url,source_url,maps_link,source_type
IN-TIME Transport GmbH,Logistik / Transportdienstleister (Logistik- und Verwaltungsgebäude mit 40.000 Palettenstellplätzen),"Ritscherstraße 19, 21244 Buchholz i.d. Nordheide",21244,Deutschland,+49 40 866 66 66,info@intime.info,https://www.intime.info,"Sämtliche Tore und Verladetechnik des Logistikneubaus: Industrie-Sektionaltore SPU F42 (Antrieb WA 400, teils V-Beschlag, Duratec-Verglasung), Ladebrücken/Verladetechnik, Brandschutz-Nachströmöffnungen",Hörmann,2019,,https://cdn.hoermann-cloud.de/fileadmin/_country/presse/pdf/PM_1922-FL_Anwenderreportage_In-Time_Logistikgebaeude.pdf,https://maps.google.com/?q=Ritscherstra%C3%9Fe%2019%2C%2021244%20Buchholz%20i.d.%20Nordheide&t=k,Markenreferenz Hörmann/Novoferm
Schlau Logistik GmbH (Unternehmensgruppe Brüder Schlau; Gruppe seit 2025 in Insolvenz),"Groß-/Einzelhandel Farben, Tapeten, Bodenbeläge – Logistikzentrum 14.000 m²","Rostocker Str. 5, 14641 Wustermark",14641,Deutschland,,,,"28 Industrie-Sektionaltore SPU F42 (Antrieb WA 300 S4), 28 Torabdichtungen DDF, 28 hydraulische Vorschub-Ladebrücken HTL 2, 7 Feuerschutz-Schiebetore, 4 Brandschutztüren",Hörmann,2018,,https://www.hoermann.de/fileadmin/_country/presse/pdf/PM%201819-FL_Hoermann_Anwenderreportage_Logistikhalle_Brueder_Schlau.pdf,https://maps.google.com/?q=Rostocker%20Str.%205%2C%2014641%20Wustermark&t=k,Markenreferenz Hörmann/Novoferm
Teamlog GmbH Spedition und Logistik,"Spedition / Kontraktlogistik (Kommissionier- und Lagerhalle 13.500 m², u.a. Ersatzteillogistik für SAF Holland)","Germanenstraße 30, 63741 Aschaffenburg",63741,Rhein-Main/Rhein-Neckar,+49 6021 1507-0,info@teamlog.de,https://teamlog.de,"9 Industrie-Sektionaltore SPU F42 mit Verladestationen (Überladebrücken), 8 angewinkelte Vorsatzschleusen LHP 2 in 160-Grad-Sonderausführung",Hörmann,2019,https://images.hoermann-cloud.de/website/de/presse/PM_1931/PM_1931-FL_Hoermann_Anwenderreportage_Teamlog_Bild_1.jpg,https://www.hoermann.de/presse/detail/mehr-platz-mit-160-grad-hoermann-lieferte-fuer-die-neue-kommissionier-und-lagerhalle-der-teamlog-gmbh-passende-tore-und-verladetechnik/,https://maps.google.com/?q=Germanenstra%C3%9Fe%2030%2C%2063741%20Aschaffenburg&t=k,Markenreferenz Hörmann/Novoferm
Bau- und Immobilienverwaltung Fäth (Fäth Besitz GmbH & Co. KG),"Projektentwickler / Bestandshalter von Logistikimmobilien (Eigentümer Logistikzentrum Erlensee, 27.000 m²)","Mörswiesenstraße 9, 63741 Aschaffenburg",63741,Rhein-Main/Rhein-Neckar,+49 6021 44990,kontakt@bivf.de,https://www.bivf.de,"Großteil der Tore und Verladetechnik im Logistikzentrum Erlensee: Industrie-Sektionaltore SPU F42 (manuell und mit V-Beschlag), hydraulische Vorschub-Ladebrücken HTL 2 mit 500 mm Vorschub",Hörmann,2018,https://images.hoermann-cloud.de/website/de/presse/PM_1926/PM_1926-FL_Anwenderreportage_Logistikzentrum_Erlensee_Bild_1.jpg,https://www.hoermann.de/presse/detail/fuer-jeden-das-passende-hoermann-lieferte-tore-und-verladetechnik-fuer-das-logistikzentrum-erlensee/,https://maps.google.com/?q=M%C3%B6rswiesenstra%C3%9Fe%209%2C%2063741%20Aschaffenburg&t=k,Markenreferenz Hörmann/Novoferm
M.S.G. Frucht GmbH,Obst- und Gemüseverarbeitung (Convenience-Produktion; Mieter im Logistikzentrum Erlensee; Firmensitz seit 2023 im Frischezentrum Frankfurt),"Zum Fliegerhorst 1304, 63526 Erlensee",63526,Rhein-Main/Rhein-Neckar,+49 69 405008-0,,https://www.goetterfrucht.de,Hörmann Sektionaltore SPU F42 und Ladebrücken HTL 2 im gekühlten Produktionsbereich (Raumtemperaturen 2–6 °C),Hörmann,2018,https://images.hoermann-cloud.de/website/de/presse/PM_1926/PM_1926-FL_Anwenderreportage_Logistikzentrum_Erlensee_Bild_1.jpg,https://www.hoermann.de/presse/detail/fuer-jeden-das-passende-hoermann-lieferte-tore-und-verladetechnik-fuer-das-logistikzentrum-erlensee/,https://maps.google.com/?q=Zum%20Fliegerhorst%201304%2C%2063526%20Erlensee&t=k,Markenreferenz Hörmann/Novoferm
"Raben Trans European Germany GmbH (Standort Erlensee, ehem. Fenthol & Sandtmann GmbH)",Spedition / Kontraktlogistik mit explosionsgeschütztem Gefahrstofflager (Mieter im Logistikzentrum Erlensee),"Marie-Curie-Straße 5, 63526 Erlensee",63526,Rhein-Main/Rhein-Neckar,+49 6183 807 0,sales.erlensee@raben-group.com,https://deutschland.raben-group.com,"Hörmann Sektionaltore SPU F42 und Ladebrücken HTL 2, Ausführung für explosionsgeschütztes Gefahrstofflager (installiert für Fenthol & Sandtmann, 2020 in Raben aufgegangen)",Hörmann,2018,https://images.hoermann-cloud.de/website/de/presse/PM_1926/PM_1926-FL_Anwenderreportage_Logistikzentrum_Erlensee_Bild_1.jpg,https://www.hoermann.de/presse/detail/fuer-jeden-das-passende-hoermann-lieferte-tore-und-verladetechnik-fuer-das-logistikzentrum-erlensee/,https://maps.google.com/?q=Marie-Curie-Stra%C3%9Fe%205%2C%2063526%20Erlensee&t=k,Markenreferenz Hörmann/Novoferm
FOUR PARX GmbH,"Projektentwickler für Logistikimmobilien (Projekte: GG RheinMain Groß-Gerau, 120.000 m²; Mach2 Hamburg-Wilhelmsburg, Mieter u.a. Airbus Satair, Bechtle, Picnic, Jysk)","Philipp-Reis-Straße 14, 63303 Dreieich-Sprendlingen",63303,Rhein-Main/Rhein-Neckar,+49 6103 80006-0,mail@four-parx.com,https://four-parx.com,"GG RheinMain (Groß-Gerau): 145 hydraulische Ladebrücken HTL 2, Sektionaltore SPU F42 an 145 Verladestellen plus 28 ebenerdige SPU F42, Anfahrpuffer DB15, 86 Multifunktionstüren D65, 16 T90-Feuerschutztüren H16, Feuerschutz-Schiebetore FST 90-1; Mach2 (Hamburg-Wilhelmsburg): 100 Sektionaltore SPU F42, Ladebrücken, 20 Feuerschutz-Schiebetore FST 90-1",Hörmann,2019 (GG RheinMain) / 2024 (Mach2),https://images.hoermann-cloud.de/website/de/presse/PM_1927/PM_1927-FL_Anwenderreportage_Logistikzentrum_Four_Parx_Bild_1.jpg,https://www.hoermann.de/presse/detail/flexibel-mal-vier-hoermann-lieferte-tore-tueren-und-verladetechnik-fuer-das-gewerbe-und-logistikzentrum-four-parx-gg-rheinmain/,https://maps.google.com/?q=Philipp-Reis-Stra%C3%9Fe%2014%2C%2063303%20Dreieich-Sprendlingen&t=k,Markenreferenz Hörmann/Novoferm
METRO LOGISTICS Germany GmbH (Metro-Logistikzentrum Marl),"Handelslogistik (größter Logistikstandort des Metro-Konzerns, 235.000 m², davon ca. 28.000 m² Kühlfläche)","Brassertstr. 212, 45768 Marl",45768,Deutschland,+49 211 6886-0,info@metro-logistics.de,https://www.metro-logistics.de,"407 Industrie-Sektionaltore (SPU F42 im Trockensortiment, SPU 67 Thermo im Kühlbereich) mit hydraulischen Vorschub-Ladebrücken HRT und Vorsatzschleusen LHP, 58 Feuerschutz-Schiebetore, 13 Schnelllauftore, 42 weitere Sektionaltore, ca. 250 Türen – größter Einzelauftrag der Hörmann-Geschichte",Hörmann,2017-2018,https://www.hoermann.de/portal/fileadmin/Global_Images/Portal46/Header/unternehmen_hoermann_beliefert-metro-logistikzentrum_verladestationen.jpg,https://www.hoermann.de/portal/portal-46-produktion/de/hoermann-hoermann-beliefert-metro-logistikzentrum/,https://maps.google.com/?q=Brassertstr.%20212%2C%2045768%20Marl&t=k,Markenreferenz Hörmann/Novoferm
EDEKA Handelsgesellschaft Minden-Hannover mbH (Zentrallager Wiefelstede),"Lebensmitteleinzelhandel – Zentrallager mit 4 Temperaturzonen, beliefert ca. 500 Märkte","Edekastraße 1, 26215 Wiefelstede",26215,Deutschland,+49 571 802-0,info@minden.edeka.de,https://verbund.edeka/minden-hannover/,"ca. 150 Industrie-Sektionaltore SPU 67 Thermo (Antrieb WA 300 S4) an ca. 150 Verladestellen, Thermo-Vorsatzschleusen LHP 2 Thermo am Tiefkühlbereich, aufblasbare Torabdichtungen DAS-3, 45 hydraulische Vorschub-Ladebrücken HTL, 80 mechanische Klappbrücken, 5 Feuerschutz-Schiebetore",Hörmann,ca. 2016,https://images.hoermann-cloud.de/website/de/presse/PM_1910/PM_1910-FL_Edeka_Wiefelstede_Anwenderreportage_Bild_1.jpg,https://www.hoermann.de/presse/detail/zentral-und-isoliert-tore-tueren-und-verladetechnik-von-hoermann-sorgen-im-edeka-zentrallager-wiefelstede-fuer-energieeffiziente-und-sichere-ablaeufe/,https://maps.google.com/?q=Edekastra%C3%9Fe%201%2C%2026215%20Wiefelstede&t=k,Markenreferenz Hörmann/Novoferm
REINHOLD KELLER GmbH (Reinhold Keller Group),Ladenbau / Inneneinrichtungen für Systemgastronomie und Hotels (Logistikhalle 6.700 m²),"Gutenbergstraße 4, 63924 Kleinheubach",63924,Rhein-Main/Rhein-Neckar,+49 9371 9790-0,info@reinhold-keller.de,https://reinhold-keller.com,"3 Spiraltore HS 7030 PU 42, 14 Industrie-Sektionaltore SPU F42 mit Vorsatzschleusen LHP 2 und Planen-Torabdichtungen DSL, 14 hydraulische Ladebrücken (3 m), 10 mechanische Rampenladebrücken KBS",Hörmann,2019,https://images.hoermann-cloud.de/website/de/presse/PM_1935/PM_1935-FL_Anwenderreportage_Logistikzentrum_Keller_Bild_1.jpg,https://www.hoermann.de/presse/detail/offen-zu-allen-seiten-hoermann-lieferte-tore-tueren-und-verladetechnik-fuer-die-neue-logistikhalle-der-reinhold-keller-group/,https://maps.google.com/?q=Gutenbergstra%C3%9Fe%204%2C%2063924%20Kleinheubach&t=k,Markenreferenz Hörmann/Novoferm
GoodMills Deutschland GmbH (Castellmühle Krefeld),"Mühlenunternehmen / Lebensmittelproduktion (eine der größten Mühlen Europas, 300.000 t Mehl/Jahr)","Castellweg 4, 47809 Krefeld",47809,Deutschland,+49 2151 7370-0,info@goodmills.de,https://www.goodmills.de/de/standorte/castellmuehle-krefeld/,"6 Spiraltore an der Getreideannahmehalle, 8 Industrie-Sektionaltore in der Tankwagen-Verladehalle, 4 Verladestellen mit Vorsatzschleusen, hydraulischen Ladebrücken (3 m, 50-cm-Vorschublippe), Rolltoren und Torabdichtungen, flexible Schnelllauftore (SoftEdge), Feuerschutz-Schiebetor",Hörmann,2021,https://industrieanzeiger.industrie.de/wp-content/uploads/P/M/PM_2011-FL_Anwenderreportage_Goodmills_Bild_2.jpg,https://industrieanzeiger.industrie.de/themen/industriebau/individuell-angepasste-hallentore-von-hoermann-sorgen-fuer-eine-ausgekluegelte-logistik/,https://maps.google.com/?q=Castellweg%204%2C%2047809%20Krefeld&t=k,Markenreferenz Hörmann/Novoferm
WITTENSTEIN SE (Innovationsfabrik),"Mechatronische Antriebstechnik (Getriebe, Servoantriebe) – Innovationsfabrik mit Produktion, Versand und Verladerampen","Walter-Wittenstein-Straße 1, 97999 Igersheim",97999,Deutschland,+49 7931 493-0,info@wittenstein.de,https://www.wittenstein.de,"Wärmegedämmte Industrie-Sektionaltore SPU F42 (Sonderlackierung) vor den Ladebrücken, flexible Schnelllauftore (2 m/s, SoftEdge, Sicherheitslichtgitter) zwischen Produktion und Versand, T30 Feuerschutz-Schiebetore und -türen",Hörmann,2014,,https://cdn.hoermann-cloud.de/fileadmin/_country/presse/pdf/PM_1434-FA_Hoermann_Objektreportage_Wittenstein_Innovationsfabrik.pdf,https://maps.google.com/?q=Walter-Wittenstein-Stra%C3%9Fe%201%2C%2097999%20Igersheim&t=k,Markenreferenz Hörmann/Novoferm
Bestpool GmbH,Hersteller/Vertrieb von Schwimmbadchemikalien und Chlorungsanlagen (Lagerhalle in drei Brandabschnitten),"Liebigstraße 28, 33803 Steinhagen",33803,Deutschland,+49 5204 922828-0,info@bestpool.de,https://bestpool.de,Feuerschutz-Schiebetor FST 90-1 und Feuerschutztür T90 H16 in der Brandwand – hielten bei Großbrand über drei Stunden stand und verhinderten den Totalschaden,Hörmann (Tortec Brandschutztor),2018,https://www.hoermann.de/portal/fileadmin/Global_Images/Portal58/Header/unternehmen_hoermann_feuerschutz-schiebetor-und-feuerschutztuer-verhindert-totalschaden_bestpool_steinhagen_aussenansicht.jpg,https://www.hoermann.de/portal/portal-58-international/de/hoermann-bestpool/,https://maps.google.com/?q=Liebigstra%C3%9Fe%2028%2C%2033803%20Steinhagen&t=k,Markenreferenz Hörmann/Novoferm
ebm-papst Mulfingen GmbH & Co. KG,Hersteller von Ventilatoren und Elektromotoren (Versandzentrum Hollenbach),"Bachmühle 2, 74673 Mulfingen",74673,Deutschland,+49 7938 81-0,info1@de.ebmpapst.com,https://www.ebmpapst.com,"50 Verladeschleusen NovoDock P1530i, 8 Rollgitter, 74 Industrie-Sektionaltore Thermo 40, 4 Schnelllaufrolltore NovoSpeed Flex HardEdge, 2 Feuerschutz-Schiebetore (T30/T90 SKE), 67 Rohrrahmentüren NovoFire, 46 Stahlblechtüren NovoPorta Premio",Novoferm,2017,https://www.novoferm.de/fileadmin/files/novoferm_de/Dateien/objektberichte/Ref_EBM_Papst.jpg,https://www.novoferm.de/industriekunden/referenzen-objektberichte/logistik-und-produktionsgebaeude/,https://maps.google.com/?q=Bachm%C3%BChle%202%2C%2074673%20Mulfingen&t=k,Markenreferenz Hörmann/Novoferm
Freudenberg Filtration Technologies GmbH & Co. KG (Logistikzentrum Kaiserslautern),Filtrationstechnik (micronAir Innenraumfilter) – Logistikzentrum ca. 12.000 m²,"Liebigstraße 2-8, 67661 Kaiserslautern",67661,Rhein-Main/Rhein-Neckar,+49 631 5341-0,info@freudenberg-filter.com,https://www.freudenberg-filter.com,"Sensorgesteuertes Andocksystem NovoEASY, Überladebrücken NovoDock, Torabdichtungen NovoSeal und Zubehör",Novoferm,2013,https://www.novoferm.de/fileadmin/files/novoferm_de/Dateien/objektberichte/Ref_Freudenberg.jpg,https://www.novoferm.de/industriekunden/referenzen-objektberichte/logistik-und-produktionsgebaeude/,https://maps.google.com/?q=Liebigstra%C3%9Fe%202-8%2C%2067661%20Kaiserslautern&t=k,Markenreferenz Hörmann/Novoferm
BTG Feldberg & Sohn GmbH & Co. KG,Spedition / Umschlaglogistik inkl. Gefahrgut (Umschlaghalle 6.000 m²),"Wüppings Weide 1, 46395 Bocholt",46395,Deutschland,+49 2871 9970-0,info@btg-feldberg.de,https://btg-feldberg.de,"74 hydraulische Überladebrücken NovoDock L500i, 74 Torabdichtungen NovoSeal S420, 77 Thermo-Sektionaltore",Novoferm,,https://www.novoferm.de/fileadmin/files/novoferm_de/Dateien/objektberichte/Ref_BTG-Bocholt.jpg,https://www.novoferm.de/industriekunden/referenzen-objektberichte/logistik-und-produktionsgebaeude/,https://maps.google.com/?q=W%C3%BCppings%20Weide%201%2C%2046395%20Bocholt&t=k,Markenreferenz Hörmann/Novoferm
Symbiolog GmbH,Kontraktlogistik / Logistikzentrum Burgbernheim,"Im Grund 3, 91593 Burgbernheim",91593,Deutschland,+49 9843 935650,kontakt@symbiolog.de,https://www.symbiolog.de,"Überladebrücken NovoDock L530i und VL6020, Industrie-Sektionaltore Thermo 40, Industrie-Sektionaltor Alu 40 (6000 x 5000 mm), Rohrrahmentüren NovoFire, Stahlblechtüren NovoPorta Premio",Novoferm,2017,https://www.novoferm.de/fileadmin/files/novoferm_de/Dateien/objektberichte/Logistikzentrum-symbiolog-01.jpg,https://www.novoferm.de/industriekunden/referenzen-objektberichte/logistik-und-produktionsgebaeude/,https://maps.google.com/?q=Im%20Grund%203%2C%2091593%20Burgbernheim&t=k,Markenreferenz Hörmann/Novoferm
LÖWEN ENTERTAINMENT GmbH (ehem. NSM-Löwen Entertainment),Hersteller von Geldspiel- und Unterhaltungsautomaten,"Saarlandstraße 240, 55411 Bingen",55411,Deutschland,+49 6721 4070,info@loewen.de,https://www.loewen.de,"Überladebrücken NovoDock L500i, Torabdichtungen NovoSeal S420, Industrie-Sektionaltore NovoDoor Thermo 45, Schnelllauftore NovoSpeed Heavy Indoor, Mehrzweck- und Feuerschutztüren",Novoferm,,https://www.novoferm.de/fileadmin/files/novoferm_de/Dateien/objektberichte/Ref_NSM-Loewen-Entertainment.jpg,https://www.novoferm.de/industriekunden/referenzen-objektberichte/logistik-und-produktionsgebaeude/,https://maps.google.com/?q=Saarlandstra%C3%9Fe%20240%2C%2055411%20Bingen&t=k,Markenreferenz Hörmann/Novoferm
Hermes Germany GmbH (Logistik-Hub West),"KEP-/Paketlogistik (Verteilzentrum 12.000 m², über 50 Mio. Sendungen p.a., 24/7-Betrieb)","Porschestraße 32, 41836 Hückelhoven",41836,Deutschland,+49 40 53755-0,,https://www.hermesworld.com,"114 Verladestellen mit Novoferm Industrie-Sektionaltoren (45 mm Stahllamellen, 110 manuell betrieben) und 114 elektrohydraulischen Überladebrücken mit Ausschublippe (davon 2 Stück 4,0 x 2,0 m), Sonder-Torabdichtungen mit separatem Feuchteschutz-Vorhang, Stahlpuffer",Novoferm,2008,https://cdn.heinze.de/m1/87/10038387/images/55/12501755px320x291.jpg,https://www.heinze.de/architekturobjekt/hermes-logistik-hub-west/10038387/,https://maps.google.com/?q=Porschestra%C3%9Fe%2032%2C%2041836%20H%C3%BCckelhoven&t=k,Markenreferenz Hörmann/Novoferm
Volvo Construction Equipment Germany GmbH (Werk Konz),Baumaschinenhersteller (Produktion von Baggern und kompakten Radladern),"Max-Planck-Straße 1, 54329 Konz",54329,Deutschland,+49 6501 84-0,info.volvoce-konz@volvo.com,https://www.volvoce.com/global/en/about-us/who-we-are/our-locations/konz/,"45 Hallentore in drei Bauabschnitten erneuert; u.a. 16 Falttor-/Rolltor-Kombinationen ersetzt durch Schnelllaufrolltore NovoSpeed Alu (Breiten 1.700-5.200 mm, Höhen 3.150-5.200 mm, 1,8-2,5 m/s, transparente Lichtbänder)",Novoferm,2009,,https://www.heinze.de/architekturobjekt/volvo-construction-equipment-konz/10038296/,https://maps.google.com/?q=Max-Planck-Stra%C3%9Fe%201%2C%2054329%20Konz&t=k,Markenreferenz Hörmann/Novoferm
EVB BauPunkt Einkaufs- und Handelsgemeinschaft GmbH & Co. KG,"Großhandel / Einkaufsgemeinschaft für Baugeräte und Werkzeuge (Logistikzentrum mit Hochregallager, Gewerbegebiet Voralb)","Zillenhardtstraße 46, 73037 Göppingen",73037,Deutschland,+49 7161 99931-0,info@evb.de,https://www.evb.de,"Industrie-Sektionaltore Thermo (40-mm-Profilserie) am 12 m hohen, stützenfreien Logistikzentrum mit Hochregallager",Novoferm,,,https://www.heinze.de/architekturobjekt/logistikzentrum-mit-hochregallager-evb-baupunkt/12609407/,https://maps.google.com/?q=Zillenhardtstra%C3%9Fe%2046%2C%2073037%20G%C3%B6ppingen&t=k,Markenreferenz Hörmann/Novoferm
"D.LIVE GmbH & Co. KG (PSD BANK DOME, ehem. ISS Dome)",Betreiber Multifunktionsarena / Veranstaltungsstätte (Heimspielstätte Düsseldorfer EG),"Theodorstraße 281, 40472 Düsseldorf",40472,Deutschland,+49 211 1598-1200,info@d-live.de,https://www.issdome.de,"32 Rolltore Typ TH80, 284 Feuerschutztüren, 58 Mundlochtüren mit Panikstangen",Novoferm,,https://www.novoferm.de/fileadmin/files/novoferm_de/Dateien/objektberichte/Ref_ISS-Dome.jpg,https://www.novoferm.de/referenzen/sportstadien,https://maps.google.com/?q=Theodorstra%C3%9Fe%20281%2C%2040472%20D%C3%BCsseldorf&t=k,Markenreferenz Hörmann/Novoferm
E.L.V.I.S. Teilladungssystem GmbH (ELVIS AG Truckport),"Spedition / Teilladungs-Netzwerk, zentrales Umschlagterminal (ELVIS-Hub, 10.000 m² Umschlaghalle)","Am Elvis Terminal 1, 34593 Knüllwald-Remsfeld",34593,Deutschland,+49 5681 931290,,https://www.elvis-ag.com,"8 XXL-Rolltore ThermoTeck, je 15 m breit und ca. 5 m hoch, mit verfahrbarer Mittelstütze (je 2 Ein- und Ausfahrten der Umschlaghalle)",Teckentrup ThermoTeck (XXL-Rolltore),2012,https://www.teckentrup.biz/fileadmin/_processed_/9/0/csm_Elvis_1_a4af245824.jpg,https://www.teckentrup.biz/referenzen/elvis-ag-truckport,https://maps.google.com/?q=Am%20Elvis%20Terminal%201%2C%2034593%20Kn%C3%BCllwald-Remsfeld&t=k,Markenreferenz weitere Hersteller
Magdeburger Hafen GmbH,Binnenhafen- und Hafenlogistik (Gewerbepark Hafen Magdeburg; am Standort Fertigung von Windkraft-Komponenten),"Saalestraße 20, 39126 Magdeburg",39126,Deutschland,+49 391 5939-0,logistik@magdeburg-hafen.de,https://www.magdeburg-hafen.de,"1 Rolltor ThermoTeck 10 x 10 m (100 m² Torfläche), RAL 9006, abgehängte Montage, Kettenantrieb TKR 50.75 KE 400V/3Ph mit Nothandkette, ausgelegt auf hohe Windlasten; Verarbeiter: Lingner GmbH Tor- und Türtechnik",Teckentrup ThermoTeck (Rolltor),,https://www.teckentrup.biz/fileadmin/_processed_/2/5/csm_malikstudio-teckentrup-madgeburger-hafen-3751_0d80485ed4.jpg,https://www.teckentrup.biz/referenzen/hafen-magdeburg,https://maps.google.com/?q=Saalestra%C3%9Fe%2020%2C%2039126%20Magdeburg&t=k,Markenreferenz weitere Hersteller
Stadt Lünen – Feuer- und Rettungswache Lünen,"Kommunale Feuerwehr und Rettungsdienst (Neubau, 13 Mio. € Investition, 14.200 m² Gelände)","Kupferstraße 60, 44532 Lünen",44532,Deutschland,+49 2306 767-0,,https://www.luenen.de/de/mein-luenen/feuerwehr/,"47 kraftbetätigte Industrie-Sektionaltore ""SL"" mit hohem Glasanteil (Öffnungsgeschwindigkeit ca. 0,25 m/s, Alarmkopplung über Leitstelle, Notentriegelung mit Handkette), dazu Feuerschutztüren",Teckentrup SL (Industrie-Sektionaltore),2012,https://www.teckentrup.biz/fileadmin/_processed_/6/c/csm_Luenen_1_6ccc299116.jpg,https://www.teckentrup.biz/referenzen/feuer-/rettungswache-luenen,https://maps.google.com/?q=Kupferstra%C3%9Fe%2060%2C%2044532%20L%C3%BCnen&t=k,Markenreferenz weitere Hersteller
Stadt Leverkusen – Hauptfeuer- und Rettungswache Leverkusen-Wiesdorf,Kommunale Berufsfeuerwehr und Rettungsdienst (Neubau der Hauptwache),"Edith-Weyde-Straße 12, 51373 Leverkusen",51373,Deutschland,+49 214 7505-0,,https://www.leverkusen.de/themen/feuerwehr/berufsfeuerwehr/standorte/,"62 Sektionaltore ALU 60 (41x 3,7 x 4,5 m, 12x 3,8 x 4,5 m, 9x 3,65 x 4,5 m), 58 davon mit GfA-Steuerung für ca. 3-fach schnellere Öffnung (ca. 0,5 m/s, Ausrücken nach ca. 9 Sekunden); Montage: Kaldunski+Löhr Torsysteme, Gelsenkirchen",Alpha Deuren ALU 60,2018,https://www.public-manager.com/typo3temp/_processed_/1/9/csm_alpha_ALU_5dd914ebf6.jpg,https://www.public-manager.com/aktuelles/einzelansicht/archive/2019/november/article/schnelle-sektionaltore-von-alpha-deuren-fuer-feuerwache.html,https://maps.google.com/?q=Edith-Weyde-Stra%C3%9Fe%2012%2C%2051373%20Leverkusen&t=k,Markenreferenz weitere Hersteller
Hack Formenbau GmbH,Formenbau / Spritzgussformen (neue Produktionshalle),"Wielandstraße 11, 73230 Kirchheim unter Teck",73230,Deutschland,+49 7021 9756-0,info@hack-formenbau.de,https://www.hack-formenbau.de,"1 Schnelllauf-Spiraltor ""Helix"" (Öffnungsgeschwindigkeit 1,1 m/s, Aluminium-Welle mit Frequenzumrichter-Antrieb, ohne Gewichtsausgleichsfedern) und 1 Sektionaltor ISO-60 (60 mm Paneel) mit Schnelllaufantrieb; Montage: Eret Tortechnik GmbH",Alpha Deuren Helix (Spiraltor) + ISO-60 (Sektionaltor),2016,,https://logistra.de/news/nfz-fuhrpark-lagerlogistik-intralogistik-hack-formenbau-produktionshalle-ausgestattet-mit-innovativen-toren-12549.html,https://maps.google.com/?q=Wielandstra%C3%9Fe%2011%2C%2073230%20Kirchheim%20unter%20Teck&t=k,Markenreferenz weitere Hersteller
BASF SE,Chemiekonzern (Werk Ludwigshafen),"Carl-Bosch-Straße 38, 67056 Ludwigshafen am Rhein",67056,Rhein-Main/Rhein-Neckar,+49 621 60-0,,https://www.basf.com,"Verladeplattform mit Einhausung und flexibler Andockmöglichkeit (Verladung gerade vom Gebäude weg oder im rechten Winkel entlang des Gebäudes), Witterungsschutz über Schnellspannplane",BUTT GmbH (Verladeplattform / Verladetechnik),,https://www.butt.de/assets/images/c/butt-verladeplattform-BASF-2-294c8576.png,https://www.butt.de/de/aktuell/verladeplattform-fuer-basf,https://maps.google.com/?q=Carl-Bosch-Stra%C3%9Fe%2038%2C%2067056%20Ludwigshafen%20am%20Rhein&t=k,Markenreferenz weitere Hersteller
Eisbär Eis GmbH,Speiseeis-Hersteller (tiefkühllogistische Verladung),"Eisbärstraße 1, 21641 Apensen",21641,Deutschland,+49 4167 9123-0,info.apn@eisbaer-eis.de,https://www.eisbaer-eis.de,Wärmegedämmte Verladeschleuse (Upgrade einer bestehenden Verladestelle),BUTT GmbH (wärmegedämmte Verladeschleuse),,https://www.butt.de/assets/images/8/1-87f3cba2.jpeg,https://www.butt.de/de/aktuell/neues-upgrade-gleicher-frostiger-service,https://maps.google.com/?q=Eisb%C3%A4rstra%C3%9Fe%201%2C%2021641%20Apensen&t=k,Markenreferenz weitere Hersteller
AGROLAB Labor GmbH (AGROLAB Group),"Umwelt- und Agraranalytik (Labor für Boden-, Wasser-, Abwasser- und Klärschlammproben)","Dr.-Pauling-Straße 3, 84079 Bruckberg",84079,Deutschland,+49 8765 93996-0,labor@agrolab.de,https://www.agrolab.com,"3 Schnelllauftore im Hochregallager: 1x EFA-SST-L Eco, 1x EFA-STR L Premium, 1x EFA-STT L Eco (Außentor zum Wirtschaftshof)",EFAFLEX (EFA-SST / EFA-STR / EFA-STT),2026,https://www.baulinks.de/webplugin/2026/i/scaled/1148_x_0934-efaflex-01.jpg,https://www.baulinks.de/webplugin/2026/0934.php4,https://maps.google.com/?q=Dr.-Pauling-Stra%C3%9Fe%203%2C%2084079%20Bruckberg&t=k,Markenreferenz weitere Hersteller
BauGrund Süd Gesellschaft für Geothermie mbH,"Geothermie / Erdwärmebohrungen, Baugrunderkundung, Brunnenbau","Zeppelinstraße 10, 88410 Bad Wurzach",88410,Deutschland,+49 7564 9313-0,info@baugrundsued.de,https://www.baugrundsued.de,"10 Schnelllauftore in der neuen Wartungs- und Servicehalle: 8x EFA-SST-L Basic, 2x EFA-SST-S ECO (mit Efatherm-Isolierlamellen)",EFAFLEX EFA-SST,2024,https://www.baulinks.de/webplugin/2024/i/0927-efaflex-01.jpg,https://www.baulinks.de/webplugin/2024/0927.php4,https://maps.google.com/?q=Zeppelinstra%C3%9Fe%2010%2C%2088410%20Bad%20Wurzach&t=k,Markenreferenz weitere Hersteller
Verkehrsbetriebe Karlsruhe GmbH (VBK),Öffentlicher Nahverkehr (Tram- und Busbetrieb),"Tullastraße 71, 76131 Karlsruhe",76131,Deutschland,+49 721 6107-0,info@vbk.karlsruhe.de,https://www.vbk.info,"39 Schnelllauftore in der neuen Bus-Wartungshalle (4.970 m², Rheinhafen): 30x EFA-SST-L Basic, 6x EFA-SST-L ECO, 3x EFA-SRT-L (Waschhalle mit Edelstahlkomponenten)",EFAFLEX EFA-SST / EFA-SRT,2026,https://www.baulinks.de/webplugin/2026/i/scaled/1148_x_0087-efaflex-01.jpg,https://www.baulinks.de/webplugin/2026/0087.php4,https://maps.google.com/?q=Tullastra%C3%9Fe%2071%2C%2076131%20Karlsruhe&t=k,Markenreferenz weitere Hersteller
Waschparadies Bunz,"Autowasch- und Fahrzeugpflegeanlagen (Standorte Füssen, Lindenberg, Wangen, Kaufbeuren)","Hiebelerstraße 30, 87629 Füssen",87629,Deutschland,+49 8381 92020,info@thomas-bunz.de,https://www.bunz-waschparadies.de,EFA-STT-S Schnelllauftore mit transparenten Acryl-Lamellen an Ein- und Ausfahrt der neuen Pflegehalle (über 600 Öffnungen/Tag),EFAFLEX EFA-STT-S,2026,https://www.baulinks.de/webplugin/2026/i/scaled/1148_x_0933-efaflex-01.jpg,https://www.baulinks.de/webplugin/2026/0933.php4,https://maps.google.com/?q=Hiebelerstra%C3%9Fe%2030%2C%2087629%20F%C3%BCssen&t=k,Markenreferenz weitere Hersteller
AUDI AG (Fahrzeugsicherheitszentrum Ingolstadt),Automobilhersteller / Fahrzeug-Crashtests,"Auto-Union-Straße 1, 85045 Ingolstadt",85045,Deutschland,+49 841 89-0,,https://www.audi.de,"22 Schnelllauftore im 33.000 m² Fahrzeugsicherheitszentrum: EFA-SST ÜS (Außentore, einbruchhemmend), EFA-SST-S Premium (Prüfkammern), 2x EFA-STT-S als verriegelte Logistikschleuse",EFAFLEX EFA-SST / EFA-STT,2023,https://www.baulinks.de/webplugin/2024/i/scaled/1148_x_1759-efaflex-01.jpg,https://www.baulinks.de/webplugin/2024/1759.php4,https://maps.google.com/?q=Auto-Union-Stra%C3%9Fe%201%2C%2085045%20Ingolstadt&t=k,Markenreferenz weitere Hersteller
Neher Systeme GmbH & Co. KG,"Hersteller von Insektenschutzsystemen (ca. 40.000 Elemente/Jahr, ~90 Mitarbeiter)","Wellendinger Straße 15, 78665 Frittlingen",78665,Deutschland,+49 7426 5282-0,info@neher.de,https://www.neher.de,"7 Schnelllauftore: 1x windstabiles EFA-SST-XL am 10 m breiten Lkw-Zugang des neuen Lagers (2023), 2 weitere Außentore, 4 Innentore als Klimazonen-Trennung, u.a. EFA-SRT Premium am Klimalager; Torsteuerung per Laserscanner EFA-Scan",EFAFLEX EFA-SST-XL / EFA-SRT,2023,,https://www.materialfluss.de/rampen-tore-ladebrucken/tore-schutz-vor-kaelte-und-laerm--neher-setzt-auf-efaflex-schnelllauftore.htm,https://maps.google.com/?q=Wellendinger%20Stra%C3%9Fe%2015%2C%2078665%20Frittlingen&t=k,Markenreferenz weitere Hersteller
Bau-Fritz GmbH & Co. KG (Baufritz),Ökologischer Holz-Fertighausbau (seit 1896),"Alpenweg 25, 87746 Erkheim",87746,Deutschland,+49 8336 9000-0,info@baufritz.de,https://www.baufritz.de,"11x Spacelite HT40 Hubtore mit lichtdurchlässigem, wärmedämmendem Glasfasermaterial und Echtglas in der neuen Holzbau-Halle (Baubeginn September 2024)",Butzbach Spacelite HT40,2025,,https://www.pressebox.de/pressemitteilung/butzbach-gmbh-industrietore/hubtor-trifft-holz/boxid/1216389,https://maps.google.com/?q=Alpenweg%2025%2C%2087746%20Erkheim&t=k,Markenreferenz weitere Hersteller
Motor-Nützel Vertriebs-GmbH (Automobil-Zentrum Hof),"Autohandelsgruppe (Audi, VW, Porsche, Skoda, VW Nutzfahrzeuge; 8 Standorte in Oberfranken)","Fuhrmannstraße 25, 95030 Hof",95030,Deutschland,+49 9281 7071-0,,https://www.motor-nuetzel.de,"Mehrere Spacelite HT40 Hubtore in speziell angepassten Varianten im Automobil-Zentrum Hof (55.000 m²: Showrooms, Werkstätten, Karosserie- und Lackzentrum, Reifenlogistik), davon 3 Tore in klassischem Glasfasermaterial Farbton Brillant",Butzbach Spacelite HT40,2016,,https://www.butzbach.com/referenzen/motor-nuetzel-de,https://maps.google.com/?q=Fuhrmannstra%C3%9Fe%2025%2C%2095030%20Hof&t=k,Markenreferenz weitere Hersteller
Rudolph Logistik Gruppe SE & Co. KG,Kontraktlogistik / Automobillogistik (Crossdocking-Center im GVZ Kassel),"Harzweg 10, 34225 Baunatal",34225,Deutschland,+49 561 4991-0,info@rudolph-log.com,https://www.rudolph-log.com,"26 Sektionaltore Modell 'Iso' (40-mm-Paneele, Alurahmensektionen, Polycarbonat-Hohlkammerscheiben, Schnelllaufantriebe, Feuerwehr-Notentriegelung) und 8 Überladebrücken in den 16.700 m² Umschlaghallen im GVZ Kassel (Errichtung durch Goldbeck, Montage durch Servicepartner Wollenhaupt, Kaufungen)",Alpha Deuren (Sektionaltor Modell Iso),2014,https://cdn1.vogel.de/unsafe/540x0/smart/images.vogel.de/vogelonline/bdb/1052000/1052039/original.jpg,https://www.mm-logistik.vogel.de/kontraktlogistiker-nutzt-tore-von-alpha-deuren-a-543272/,https://maps.google.com/?q=Harzweg%2010%2C%2034225%20Baunatal&t=k,Markenreferenz weitere Hersteller
SuperAlloy Manufaktur GmbH,"Hersteller von Leichtmetallfelgen für Premium-Automarken (u.a. Bentley, Mercedes-Benz, Ferrari)","Oberwiesachstraße 20, 72290 Loßburg",72290,Deutschland,,,https://www.superalloy.tw/en/sai-manufaktur/,3 XF-Überladebrücken mit Vorschublippe (X-Serie mit Rahmen) und WL-Plane-Torabdichtungen am integrierten Distributionszentrum der 8.000 m² Produktionsstätte in Loßburg-Betzweiler,"Stertil Dock Products (X-Serie XF Überladebrücken, WL Torabdichtungen)",,https://stertil-verladetechnik.de/assets/image-cache/img_0086.a0fd02c5.jpg,https://stertil-verladetechnik.de/projekte/lieferung-super-alloy-manufaktur-gmbh,https://maps.google.com/?q=Oberwiesachstra%C3%9Fe%2020%2C%2072290%20Lo%C3%9Fburg&t=k,Markenreferenz weitere Hersteller
F.W. Neukirch (GmbH & Co.) KG,"Logistikdienstleister (See- und Luftfracht, Lagerlogistik, Spezialverkehre)","Zum Panrepel 37, 28307 Bremen",28307,Deutschland,+49 421 4894-0,fwn@neukirch.de,https://www.neukirch.de,"13 Verladestellen an einem Bremer Logistikzentrum: hydraulische Überladebrücken (60 kN Tragkraft), Torabdichtungen und Industrietore in kompletter Stahl-Vorsatzrampenkonstruktion; Umbau der alten Betonaußenrampe zur wetterunabhängigen Innenrampe bei laufendem Betrieb","PROMStahl (hydraulische Überladebrücken, Torabdichtungen, Industrietore)",,https://www.industrial-production.de/upload_weka/nwo/001/768/12_Neukirch_Bremen_Bild_2_1768973.jpg,https://www.maschinenmarkt.vogel.de/qualitaets-und-serviceoffensive-an-der-rampe-a-385770/,https://maps.google.com/?q=Zum%20Panrepel%2037%2C%2028307%20Bremen&t=k,Markenreferenz weitere Hersteller
Flughafen Hannover-Langenhagen GmbH (Hannover Airport),"Flughafenbetreiber (Gepäckabfertigung in Terminals A, B, C)","Petzelstraße 84, 30855 Langenhagen",30855,Deutschland,+49 511 977-0,info@hannover-airport.de,https://www.hannover-airport.de,"20 Schnelllauftore zu den Gepäckumschlagräumen in den Terminals A, B und C; ausgestattet mit Induktionsschleifen und Infrarot-Torlichtgittern; Gepäckfahrzeuge durchfahren die Tore bis zu 5x pro 45-Minuten-Abfertigung",EFAFLEX (Schnelllauftore),,,https://www.materialfluss.de/rampen-tore-ladebrucken/eine-wichtige-schnittstelle-der-logistik-bilden-hallentore.htm,https://maps.google.com/?q=Petzelstra%C3%9Fe%2084%2C%2030855%20Langenhagen&t=k,Markenreferenz weitere Hersteller
Kuchenmeister GmbH,"Backwarenhersteller (Kuchen, Feingebäck, Stollen)","Coesterweg 31, 59494 Soest",59494,Deutschland,+49 2921 7808-0,info@kuchenmeister.de,https://kuchenmeister.de,"PROMStahl-Verladetechnik an den Verladestationen des Werks Soest (Referenzprojekt 2014; Typen/Stückzahlen im Referenzeintrag nicht beziffert, Fotos vorhanden)",PROMStahl GmbH – Verladetechnik (Überladebrücken/Verladestationen),2014,https://www.promstahl.de/files/img/Referenzen/Kuchenmeister%20Soest/2012318_2_Kuchenmeister_Soest.jpg,https://www.promstahl.de/references/dhl-fredericia-dk-kopie-c6124760,https://maps.google.com/?q=Coesterweg%2031%2C%2059494%20Soest&t=k,Markenreferenz weitere Hersteller
Krämer Pferdesport GmbH & Co. KG,Einzel- und Versandhandel für Reitsportbedarf (Zentrale/Zentrallager mit Mega Store),"4. Industriestraße 1 + 2, 68764 Hockenheim-Talhaus",68764,Rhein-Main/Rhein-Neckar,+49 180 6949400,info@kraemer.de,https://www.kraemer.de,"PROMStahl-Verladetechnik an der Firmenzentrale Hockenheim (Referenzprojekt 2015; mehrere Referenzfotos der Verladestationen, Stückzahlen nicht beziffert)",PROMStahl GmbH – Verladetechnik (Überladebrücken/Verladestationen),2015,https://www.promstahl.de/files/img/Referenzen/Kraemer%20Pferdesport%20Hockenheim/kraemer01.jpg,https://www.promstahl.de/references/kraemer-pferdesport-hockenheim-a8a4f2e2,https://maps.google.com/?q=4.%20Industriestra%C3%9Fe%201%20%2B%202%2C%2068764%20Hockenheim-Talhaus&t=k,Markenreferenz weitere Hersteller
"REWE digital GmbH (Food Fulfillment Center ""SCARLET One"", REWE Group)",Online-Lebensmittelhandel / E-Food-Fulfillment,"Scarletallee 6, 50735 Köln",50735,Deutschland,,,https://www.rewe-digital.com,38 Ausgangsrampen und 14 Eingangsrampen; komplett maßgeschneidertes Verladekonzept für die Online-Frischelogistik,PROMStahl GmbH – Verladetechnik (Rampen-/Verladekonzept),2018,,https://www.promstahl.de/beitrag/promstahl-verladekonzept-fuer-rewe-digital,https://maps.google.com/?q=Scarletallee%206%2C%2050735%20K%C3%B6ln&t=k,Markenreferenz weitere Hersteller
"Transgourmet Deutschland GmbH & Co. OHG, Standort Ulm (ehem. REWE Foodservice GmbH)",Lebensmittel-Großhandel / Foodservice-Logistik (20.000-m²-Lager mit über 10.000 Artikeln),"Eiselauer Weg 2, 89081 Ulm",89081,Deutschland,+49 731 18494-0,kontakt@transgourmet.de,https://www.transgourmet.de,43 Verladestationen mit PROMStahl-Verladeanlagen im Warenausgang (ca. 50 Lieferfahrzeuge pro Stunde gleichzeitig beladbar),PROMStahl GmbH – Verladeanlagen/Verladestationen,2011,https://www.promstahl.de/files/img/Referenzen/REWE%20Ulm/PROMStahl%20REWE%20Ulm.jpg,https://www.mm-logistik.vogel.de/rewe-foodservice-setzt-auf-verladeanlagen-von-promstahl-a-333713/,https://maps.google.com/?q=Eiselauer%20Weg%202%2C%2089081%20Ulm&t=k,Markenreferenz weitere Hersteller
"DSV Road GmbH, Niederlassung Aschaffenburg",Internationale Spedition und Logistikdienstleistungen (Crossdock-Terminal),"Römerstraße 22, 63741 Aschaffenburg",63741,Rhein-Main/Rhein-Neckar,+49 6021 863-0,info.aschaffenburg@de.dsv.com,https://www.dsv.com/de-de,"Lagerumbau Crossdock: 32 Verladehäuser mit 40-mm-Thermopaneelen, 12 in Betonfertigteile integrierte Überladebrücken, stationäre Stahl-Verladerampe (60 kN) und 44 flexible Planen-Torabdichtungen mit Dachabdeckung","PROMStahl GmbH – Verladehäuser, Überladebrücken, Torabdichtungen",2017,,https://www.promstahl.de/press-articles,https://maps.google.com/?q=R%C3%B6merstra%C3%9Fe%2022%2C%2063741%20Aschaffenburg&t=k,Markenreferenz weitere Hersteller
"DHL Freight GmbH, Frachtzentrum Hannover","Straßenfracht / Stückgut-Speditionsnetzwerk (DHL Group), Umschlagterminal mit über 80 Verladetoren","Münchner Straße 36, 30855 Langenhagen",30855,Deutschland,+49 511 27990-0,kundenservice.hannover@dhl.com,https://www.dhl.com/de-de/home/freight.html,84 Verladestationen mit Industrietoren im neuen DHL-Frachtzentrum Hannover-Langenhagen,PROMStahl GmbH – Verladetechnik und Industrietore,2019,,https://www.promstahl.de/fuer-journalisten,https://maps.google.com/?q=M%C3%BCnchner%20Stra%C3%9Fe%2036%2C%2030855%20Langenhagen&t=k,Markenreferenz weitere Hersteller
"METRO LOGISTICS Germany GmbH, Zentrallager Kirchheim","Handelslogistik (METRO Group) – Multi-User-Lebensmittellager mit fünf Temperaturzonen, ca. 49.000 m²","Rosengartenweg, 67281 Kirchheim an der Weinstraße",67281,Rhein-Main/Rhein-Neckar,+49 211 6886-0,info@metro-logistics.de,https://www.metro-logistics.de,"PROMStahl-Verladetechnik am METRO-Zentrallager Kirchheim (Standort mit 98 Verladetoren; PROMStahl-Anteil im Referenzeintrag nicht beziffert, Foto vorhanden)",PROMStahl GmbH – Verladetechnik (Überladebrücken/Verladestationen),2017,https://www.promstahl.de/files/img/Referenzen/METRO%20Zentrallage%20Kirchheim/Ixocon-Kirchheim-01.jpg,https://www.promstahl.de/references/metro-zentrallager-kirchheim-96,https://maps.google.com/?q=Rosengartenweg%2C%2067281%20Kirchheim%20an%20der%20Weinstra%C3%9Fe&t=k,Markenreferenz weitere Hersteller
"ALDI (Zentrallager Nortorf, ALDI Nord)",Lebensmitteldiscounter – Regionalgesellschaft/Zentrallager,"Timmasper Weg 28, 24589 Nortorf",24589,Deutschland,,,https://www.aldi-nord.de,"PROMStahl-Verladetechnik am Zentrallager Nortorf (Referenzprojekt 2014; Typen/Stückzahlen im Referenzeintrag nicht beziffert, Foto vorhanden)",PROMStahl GmbH – Verladetechnik (Überladebrücken/Verladestationen),2014,https://www.promstahl.de/files/img/Referenzen/ALDI%20Nortorf/2014839_2_ALDI_Nortorf.jpg,https://www.promstahl.de/references/aldi-nortorf-f207410d,https://maps.google.com/?q=Timmasper%20Weg%2028%2C%2024589%20Nortorf&t=k,Markenreferenz weitere Hersteller
Friedrich Lange GmbH,"Fachgroßhandel für Sanitär und Heizung (Norddeutschland, 14 Standorte, 28.000 Artikel)","Pascalstraße 17, 25451 Quickborn",25451,Deutschland,+49 4106 79999-0,info@friedrich-lange.de,https://friedrich-lange.de,ASSA ABLOY Überladebrücken und Sektionaltore im 2013 in Betrieb genommenen neuen Logistikzentrum Quickborn,ASSA ABLOY Entrance Systems – Industrietore & Verladesysteme,2013,https://gw-assets.assaabloy.com/is/image/assaabloy/friedich-lange-1-16-zu-9,https://www.assaabloyentrance.com/de/de/stories/customer-cases/friedrich-lange,https://maps.google.com/?q=Pascalstra%C3%9Fe%2017%2C%2025451%20Quickborn&t=k,Markenreferenz weitere Hersteller
OMNITRADE Handelsgesellschaft mbH,Import/Export und Großhandel von Nüssen und Trockenfrüchten,"Jacobsrade 86, 22962 Siek",22962,Deutschland,+49 4107 33300-0,info@omnitrade-hamburg.com,https://www.omnitrade-hamburg.com,"Verladestationen mit ASSA ABLOY DL6020T/DL6020STA Stepdock-Überladebrücken, dicht schließenden Sektionaltoren und Torabdichtungen (Neubau Produktion/Logistik, in Betrieb seit 2014)",ASSA ABLOY Entrance Systems – Verladetechnik (Stepdock) & Sektionaltore,2014,https://gw-assets.assaabloy.com/is/image/assaabloy/omnitrade-1-16-zu-9,https://www.assaabloyentrance.com/de/de/stories/customer-cases/omnitrade,https://maps.google.com/?q=Jacobsrade%2086%2C%2022962%20Siek&t=k,Markenreferenz weitere Hersteller
MJ-Gerüst GmbH,"Gerüsthersteller (Top-3 in Deutschland, Junior Unternehmensgruppe, ca. 400 Mitarbeiter)","Ziegelstraße 68, 58840 Plettenberg",58840,Deutschland,+49 2391 8105-350,info@mj-geruest.de,https://mj-geruest.de,115 ASSA ABLOY Torsysteme im Werk Plettenberg: Schnelllauftore ASSA ABLOY RR3000 (Außeneingänge) sowie Maschinenschutztore ASSA ABLOY RP300 und RP2000 (Schweißroboter-/Laserzellen); umfassende Servicevereinbarung,ASSA ABLOY Entrance Systems (ehem. Albany Door Systems) – Schnelllauf- & Maschinenschutztore,,https://gw-assets.assaabloy.com/is/image/assaabloy/AAES-COM-CASE-STUDIES-IMAGES-MJ_GERUST_16_9,https://www.assaabloyentrance.com/de/de/stories/customer-cases/produktion--mj-ger-st,https://maps.google.com/?q=Ziegelstra%C3%9Fe%2068%2C%2058840%20Plettenberg&t=k,Markenreferenz weitere Hersteller
"Milupa GmbH (Danone-Gruppe), Werk Fulda",Hersteller von Säuglings- und Kleinkindernahrung (Milchpulver),"Schleyerstraße 4, 36041 Fulda",36041,Deutschland,+49 661 929-0,,https://www.milupa.de,"3 Interlock-Schleusen ausgestattet mit Schnelllauf-Rolltoren Typ RR300 Food / Rapid Food (Edelstahl-Seitenteile, klarer PVC-Behang) zwischen Low-Care-Rohstofflager und High-Care-Produktion; ca. 150 Big Bags/Tag",ASSA ABLOY Entrance Systems – Schnelllauf-Rolltore RR300 Food,2011,https://gw-assets.assaabloy.com/is/image/assaabloy/milupa-1-16-zu-9,https://www.assaabloyentrance.com/de/de/stories/customer-cases/produktion--milupa,https://maps.google.com/?q=Schleyerstra%C3%9Fe%204%2C%2036041%20Fulda&t=k,Markenreferenz weitere Hersteller
Vishay Electronic GmbH,Halbleiter- und Elektronikbauelemente (Europasitz des US-Konzerns Vishay Intertechnology),"Geheimrat-Rosenthal-Straße 100, 95100 Selb",95100,Deutschland,+49 9287 71-0,,https://www.vishay.com,"Personen- und Materialschleusen mit reinraumtauglichen Schnelllauftoren (ASSA ABLOY RR300 Clean) und Reinraum-Schiebetüren inkl. Teleskop-Schiebetüranlage (ASSA ABLOY SL521), Interlock-Verriegelung, EN 14644-1; plus Servicevereinbarung",ASSA ABLOY Entrance Systems – Reinraumtore & Automatiktüren,,https://gw-assets.assaabloy.com/is/image/assaabloy/vishay-electronic-title-16-zu-9,https://www.assaabloyentrance.com/de/de/stories/customer-cases/produktion-vishay-electronic,https://maps.google.com/?q=Geheimrat-Rosenthal-Stra%C3%9Fe%20100%2C%2095100%20Selb&t=k,Markenreferenz weitere Hersteller
Feuerwehrtechnische Zentrale (FTZ) des Landkreises Peine,"Öffentlicher Dienst – Unterbringung, Prüfung und Wartung von Feuerwehrfahrzeugen und -geräten","Werner-Nordmeyer-Straße 19 A, 31226 Peine",31226,Deutschland,+49 5171 401-6285,,https://www.landkreis-peine.de,"Isolierte, zuverlässige ASSA ABLOY Sektionaltore für die Fahrzeughalle (Rettungsfahrzeuge rücken direkt aus) plus Servicevereinbarung mit garantierten Reaktionszeiten",ASSA ABLOY Entrance Systems – Sektionaltore,,https://gw-assets.assaabloy.com/is/image/assaabloy/feuerwehr-2-16-zu-1,https://www.assaabloyentrance.com/de/de/stories/customer-cases/feuerwehr-peine,https://maps.google.com/?q=Werner-Nordmeyer-Stra%C3%9Fe%2019%20A%2C%2031226%20Peine&t=k,Markenreferenz weitere Hersteller
Autohof Reimers GmbH,"Autohandel (VW-, VW-Nutzfahrzeuge-, Škoda-, Seat-, Cupra-Vertragshändler, Audi Service), 5 Standorte, ca. 250 Mitarbeiter","Stawedder 17-21, 25462 Rellingen",25462,Deutschland,+49 4101 4908-0,rellingen@autohof-reimers.de,https://autohof-reimers.de,Sektionaltore inkl. verglastem Rahmensprossentor ASSA ABLOY OH1042F als Haupteinfahrtstor zur Werkstatthalle sowie Schnelllauftore; Torservice-Pakete von ASSA ABLOY,ASSA ABLOY Entrance Systems – Sektionaltore & Schnelllauftore,,,https://www.assaabloyentrance.com/de/de/stories/customer-cases/handel--autohof-reimers,https://maps.google.com/?q=Stawedder%2017-21%2C%2025462%20Rellingen&t=k,Markenreferenz weitere Hersteller
"Schenker Deutschland AG (DB Schenker), Logistikzentrum Arnstadt","Spedition und Kontraktlogistik (Multi-User-Logistikterminal am Erfurter Kreuz, ca. 20.000 m²)","August-Broemel-Straße 2, 99310 Arnstadt",99310,Deutschland,+49 3628 663-444,,https://www.dbschenker.com,"28 hafa Loadhouse-Verladesysteme (davon 24 als Stufenversion mit vorgeneigten hafa Teledock-Überladebrücken und Planen-Torabdichtungen mit Rolltechnik), sensorgesteuerte Ampelanlage; insgesamt 46 Verladetore",hafa Verladetechnik (Crawford/ASSA ABLOY Entrance Systems Traditionsmarke),2004,,https://www.mm-logistik.vogel.de/verlade-und-dockingsysteme-anspruchsvolle-schnittstelle-zwischen-halle-und-lkw-a-194471/,https://maps.google.com/?q=August-Broemel-Stra%C3%9Fe%202%2C%2099310%20Arnstadt&t=k,Markenreferenz weitere Hersteller
DHL Group (Deutsche Post DHL),Paketdienst,"Opelring 1, 44803 Bochum",44803,Deutschland,,,https://group.dhl.com,"Mega-Paketzentrum (Inbetriebnahme 2019, ehem. Opel-Werksgelände), 337 Verladetore an der Sortierhalle laut Presse, bis 50.000 Pakete/Stunde",,2019,,https://www.paketda.de/dhl-paketzentrum-bochum.html,https://maps.google.com/?q=Opelring%201%2C%2044803%20Bochum&t=k,Logistikzentren Presse
DHL Group (Deutsche Post DHL),Paketdienst,"Rungedamm 37, 21035 Hamburg (Allermöhe)",21035,Deutschland,,,https://group.dhl.com,Erweiterung 2023: neue Sortierhalle (208 m lang) mit 110 Be- und Entladetoren laut DHL-Pressemitteilung; Gesamtstandort entsprechend größer,,2023,,https://group.dhl.com/de/presse/pressemitteilungen/2023/dhl-nimmt-erweiterung-des-paketzentrums-hamburg-offiziell-in-betrieb.html,https://maps.google.com/?q=Rungedamm%2037%2C%2021035%20Hamburg&t=k,Logistikzentren Presse
DPD Deutschland,Paketdienst,"Osterbönener Weg 2, 59077 Hamm (Inlogparc)",59077,Deutschland,,,https://www.dpd.com/de/de/,"Größtes DPD-Paketsortierzentrum Deutschlands (2019, 122.000 m² Grundstück, >50 Mio. Euro Invest), zahlreiche Verladetore, genaue Anzahl nicht veröffentlicht",,2019,,https://www.dpd.com/de/de/news/meilenstein-im-westfaelischen-hamm-groesstes-paketsortierzentrum-von-dpd-in-deutschland-nimmt-den-betrieb-auf/,https://maps.google.com/?q=Osterb%C3%B6nener%20Weg%202%2C%2059077%20Hamm&t=k,Logistikzentren Presse
DPD Deutschland,Paketdienst,"Carl-von-Linde-Straße 5, Gewerbepark Acht300, 86551 Aichach",86551,Deutschland,,,https://www.dpd.com/de/de/,"Neubau 2020 (45 Mio. Euro): vier Verladehallen und eine Entladehalle mit Rampentoren, Anzahl nicht veröffentlicht; bis 93.000 Pakete/Tag im Endausbau",,2020,,https://www.dpd.com/de/de/news/45-millionen-euro-fur-den-neuen-standort-paketsortierzentrum-in-aichach-bei-augsburg-nimmt-betrieb-auf/,https://maps.google.com/?q=Carl-von-Linde-Stra%C3%9Fe%205%2C%2086551%20Aichach&t=k,Logistikzentren Presse
DPD Deutschland,Paketdienst,"Von-Miller-Straße, Kaiserslautern (Gewerbegebiet Einsiedlerhof)",,Deutschland,,,https://www.dpd.com/de/de/,"Neubau, in Betrieb seit Januar 2026 (31.000 m² Grundstück, Cross-Belt-Sorter 5.500 Pakete/Std.), Verladetore vorhanden, Anzahl nicht veröffentlicht",,2026,,https://www.dpd.com/de/en/news/dpd-eroeffnet-neues-depot-in-kaiserslautern/,https://maps.google.com/?q=DPD%20Von-Miller-Stra%C3%9Fe%20Kaiserslautern&t=k,Logistikzentren Presse
GLS Germany (EuropeanEcoHub),Paketdienst,"Emscherbruchallee 16, 45356 Essen",45356,Deutschland,,,https://gls-group.eu,Neubau 2020 im Gewerbepark Econova: 160 Tore zum Be- und Entladen laut Stadt Essen; im Endausbau bis 210 Zustelltore geplant,,2020,,https://www.essen.de/meldungen/pressemeldung_1482374.de.html,https://maps.google.com/?q=Emscherbruchallee%2016%2C%2045356%20Essen&t=k,Logistikzentren Presse
GLS Germany,Paketdienst,"Drewitzer Straße 51, 14478 Potsdam",14478,Deutschland,,,https://gls-group.eu,"Neubau 2023 (Aurelis): 170 Tore für Lkw- und Transporter-Be-/Entladung laut Pressemitteilung, bis 250.000 Pakete/Tag",,2023,,https://newsroom.de.gls-group.com/news/aurelis--bergibt-paketverteilzentrum-in-potsdam-an-gls/s/bd0e0c9a-5163-4816-8ba1-04671981e227,https://maps.google.com/?q=Drewitzer%20Stra%C3%9Fe%2051%2C%2014478%20Potsdam&t=k,Logistikzentren Presse
Hermes Germany,Paketdienst,"Buchäckerring 18, 74906 Bad Rappenau",74906,Deutschland,,,https://www.hermesworld.com,"Logistik-Center Neubau 2017 (44 Mio. Euro, ca. 10.000 m² Halle): 116 Tore für Lkw und Transporter laut Hermes-Pressemitteilung",,2017,,https://newsroom.hermesworld.com/bad-rappenau-hermes-eroeffnet-neues-logistik-center-im-suedwesten-12488/,https://maps.google.com/?q=Buch%C3%A4ckerring%2018%2C%2074906%20Bad%20Rappenau&t=k,Logistikzentren Presse
Hermes Fulfilment / Hermes Einrichtungs Service,Möbel- und Großstücklogistik,"Scheidkamp 15, 32584 Löhne",32584,Deutschland,,,https://www.hermes-fulfilment.de/en/company/locations/loehne/,"Neubau 2016 (100.000 m² Hallenfläche, 90 Mio. Euro): 110 Verladetore plus 46 Wareneingangstore laut Presse",,2016,,https://www.verkehrsrundschau.de/nachrichten/lager-umschlag/hermes-eroeffnet-neues-logistikzentrum-in-loehne-2992208,https://maps.google.com/?q=Scheidkamp%2015%2C%2032584%20L%C3%B6hne&t=k,Logistikzentren Presse
"Dachser SE, Logistikzentrum Neumünster",Spedition / Stückgut- und Lebensmittellogistik,"Isarstraße 25, 24539 Neumünster",24539,Deutschland,04321 555 991 300,,https://www.dachser.de,"Neubau 2020 (17,4 Mio. Euro, 7.000 m² Halle, davon 2.000 m² gekühlt): 76 Andocktore laut Dachser-Pressemitteilung, digitales Rampenmanagement",,2020,,https://www.dachser.de/de/mediaroom/Dachser-nimmt-neuen-Standort-in-Neumuenster-ans-Netz-8397,https://maps.google.com/?q=Isarstra%C3%9Fe%2025%2C%2024539%20Neum%C3%BCnster&t=k,Logistikzentren Presse
"Dachser SE, Niederlassung Öhringen",Spedition / Stückgutlogistik,"Im Flürle 2, 74613 Öhringen",74613,Deutschland,07941 64680,dachser.oehringen@dachser.com,https://www.dachser.de/de/warehouse-oehringen,"Umschlaghalle 2020 um 3.500 m² und 38 Tore erweitert auf insgesamt 87 Tore laut Fachpresse (9,5 Mio. Euro Invest)",,2020,,https://transport-online.de/fachzeitung/fachartikel/unternehmen-dachser-groesseres-umschlaglager-25674.html,https://maps.google.com/?q=Im%20Fl%C3%BCrle%202%2C%2074613%20%C3%96hringen&t=k,Logistikzentren Presse
"DB Schenker, Geschäftsstelle Nürnberg-Hafen",Spedition / Landverkehr,"Bremer Straße 90, 90451 Nürnberg",90451,Deutschland,,,https://www.dbschenker.com/de-de/ueber-uns/db-schenker-in-deutschland/geschaeftsstellen-schenker-deutschland-ag/nuernberg,"Logistikzentrum im bayernhafen Nürnberg (2014): über 10.000 m² Umschlagfläche mit 139 Ladetoren laut Presse – Bestandsanlage, prime Retrofit-Kandidat",,2014,,https://www.lagerflaeche.de/rund-um-lagerflaeche/lagernews/lagernews-detail/article/db-schenker-logistics-eroeffnet-zukunftsbau-im-nuernberger-hafen.html,https://maps.google.com/?q=Bremer%20Stra%C3%9Fe%2090%2C%2090451%20N%C3%BCrnberg&t=k,Logistikzentren Presse
"Kühne+Nagel, Zweigniederlassung Chemnitz",Spedition / Kontraktlogistik,"Johann-Esche-Straße 30, 09212 Limbach-Oberfrohna",09212,Deutschland,+49 3722 407-0,,https://home.kuehne-nagel.com,"Neubau 2015: 69 elektrisch betriebene Rolltore, zusätzlich mit hydraulischen Überladebrücken ausgestattet, laut Kühne+Nagel-Pressemitteilung",,2015,,https://newsroom.kuehne-nagel.com/neues-logistikzentrum-im-raum-chemnitz/,https://maps.google.com/?q=Johann-Esche-Stra%C3%9Fe%2030%2C%2009212%20Limbach-Oberfrohna&t=k,Logistikzentren Presse
"Hellmann Worldwide Logistics, Niederlassung Bremen",Spedition / Stückgutlogistik,"Ludwig-Erhard-Straße, 28197 Bremen (GVZ)",28197,Deutschland,,,https://www.hellmann.com,"Neubau 2021: 8.000 m² Umschlagfläche mit 100 Verladetoren laut Hellmann-Pressemitteilung, digitales Yard-Management",,2021,,https://www.hellmann.com/en/news/2021/hellmann-opens-digitized-freight-forwarding-facility-bremen,https://maps.google.com/?q=Hellmann%20Ludwig-Erhard-Stra%C3%9Fe%20Bremen&t=k,Logistikzentren Presse
"Hellmann Worldwide Logistics, Logistikzentrum Halle (Saale)",Kontraktlogistik / Handelsdistribution,"Wegastraße 4, 06116 Halle (Saale) (Star Park Halle-Queis)",06116,Deutschland,,,https://www.hellmann.com,"Neubau (ca. 21.000 m² Lagerfläche, 12,5 Mio. Euro): 22 Verladetore laut Presse",,,,https://www.verkehrsrundschau.de/nachrichten/lager-umschlag/hellmann-eroeffnet-neues-logistikzentrum-in-halle-2991273,https://maps.google.com/?q=Wegastra%C3%9Fe%204%2C%2006116%20Halle%20Saale&t=k,Logistikzentren Presse
"REWE Group, Logistikzentrum RE D 39 Magdeburg",Lebensmittellogistik,"Burger Straße 12, 39126 Magdeburg (Rothensee)",39126,Deutschland,,,https://www.rewe-group.com,"Neubau 2024 (250 Mio. Euro, 49.500 m², teilautomatisiert): 53 Warenausgangstore laut REWE-Pressemitteilung, bis 286.000 Einheiten/Tag",,2024,,https://mediacenter.rewe.de/pressemitteilungen/REWE-staerkt-Logistik-mit-Investitionen-von-250-Millionen-Euro-in-Magdeburg,https://maps.google.com/?q=Burger%20Stra%C3%9Fe%2012%2C%2039126%20Magdeburg&t=k,Logistikzentren Presse
"EDEKA Südwest, Tiefkühllager Offenburg",Kühllogistik / Lebensmittelgroßhandel,"Edekastraße 1, 77656 Offenburg",77656,Deutschland,,,https://verbund.edeka,"Neubau Tiefkühllager, in Betrieb seit Januar 2026 (60 Mio. Euro, 12.000 m², 10.500 Paletten): 20 Lkw-Andocktore laut Edeka-Pressemitteilung",,2026,,https://verbund.edeka/presse/pressemeldungen/edeka-tiefk%C3%BChllager-offenburg-in-betrieb.html,https://maps.google.com/?q=Edekastra%C3%9Fe%201%2C%2077656%20Offenburg&t=k,Logistikzentren Presse
"EDEKA Nord, Zentrallager Neumünster-Eichhof",Lebensmittellogistik,"Gewerbepark Eichhof, Neumünster (an der A7, Abfahrt Neumünster-Nord)",,Deutschland,,,https://verbund.edeka/nord/,"Neubau in zwei Bauabschnitten, vollständig in Betrieb 2025: insgesamt 189 Tore für Warenein- und -ausgang, davon 78 am Frischelager, laut Edeka-Pressemitteilung",,2025,,https://verbund.edeka/presse/pressemeldungen/edeka-nord-nimmt-neues-zentrallager-im-gewerbepark-neum%C3%BCnster-eichhof-vollst%C3%A4ndig-in-betrieb.html,https://maps.google.com/?q=EDEKA%20Zentrallager%20Gewerbepark%20Eichhof%20Neum%C3%BCnster&t=k,Logistikzentren Presse
ALDI Nord (Regionalgesellschaft Sievershausen),Lebensmittellogistik,"Am Schwarzen Kamp 1, 31275 Lehrte (Aligse)",31275,Deutschland,,,https://www.aldi-nord.de,"Neubau 2024 (ca. 42.500 m², beliefert >130 Filialen): Logistikzentrum mit Rampen-/Verladetoren inkl. Kühlbereich, Anzahl nicht veröffentlicht",,2024,,https://www.aldi-nord.de/unternehmen/presse/pressemitteilungen/aldi-nord-eroeffnet-logistikzentrum-bei-lehrte-aligse.html,https://maps.google.com/?q=Am%20Schwarzen%20Kamp%201%2C%2031275%20Lehrte&t=k,Logistikzentren Presse
Lidl Dienstleistung (Warenverteilzentrum HerBo43),Lebensmittellogistik,"Südstraße, Herne (Gewerbegebiet HerBo43 an der A43)",,Deutschland,,,https://unternehmen.lidl.de,"Neubau, 1. Bauabschnitt 2023, vollständig in Betrieb Februar 2026 (ca. 54.000 m², 43.300 Paletten, beliefert bis 120 Filialen): Warenverteilzentrum mit Rampentoren inkl. Kühl-/TK-Bereich, Anzahl nicht veröffentlicht",,2023,,https://unternehmen.lidl.de/pressreleases/2026/260205_inbetriebnahme-herbo43,https://maps.google.com/?q=Lidl%20Warenverteilzentrum%20S%C3%BCdstra%C3%9Fe%20Herne&t=k,Logistikzentren Presse
Lidl Dienstleistung (Warenverteilzentrum Bietigheim),Lebensmittellogistik,"Muggensturmer Landstraße 7, 76467 Bietigheim (Baden)",76467,Deutschland,,,https://unternehmen.lidl.de,"Neubau, operativer Betrieb ab Juli 2026 (44.000 m² Nutzfläche, beliefert ca. 100 Filialen): Warenverteilzentrum mit Rampentoren, Anzahl nicht veröffentlicht",,2026,,https://unternehmen.lidl.de/pressreleases/2026/260521_eroeffnung-bietigheim,https://maps.google.com/?q=Muggensturmer%20Landstra%C3%9Fe%207%2C%2076467%20Bietigheim&t=k,Logistikzentren Presse
"NORDFROST, Multi-Kühlcenter Mücke",Tiefkühl- und Kühllogistik,"Nordfroststraße 1, 35325 Mücke",35325,Deutschland,,,https://www.nordfrost.de/unternehmen/standorte/m%C3%BCcke,"Neubau 2020 (62 Mio. Euro, elf Hallen, 46.000 Palettenstellplätze): 43 Verladetore und 6.200 m² Umschlagfläche laut Unternehmensangaben",,2020,,https://www.nordfrost.de/unternehmen/presse/2056,https://maps.google.com/?q=Nordfroststra%C3%9Fe%201%2C%2035325%20M%C3%BCcke&t=k,Logistikzentren Presse
"Nagel-Group, Logistikzentrum Gotha/Emleben",Lebensmittel- und Kühllogistik,"Am Köpfchen 13, 99869 Emleben",99869,Deutschland,,,https://www.nagel-group.com,"Neubau, Betriebsstart Oktober 2025 (ca. 21.000 m² temperaturgeführte Logistikfläche): Cross-Dock mit Rampentoren, Anzahl nicht veröffentlicht",,2025,,https://www.nagel-group.com/2025/09/nagel-group-eroeffnet-neues-logistikzentrum-in-gotha-emleben/,https://maps.google.com/?q=Am%20K%C3%B6pfchen%2013%2C%2099869%20Emleben&t=k,Logistikzentren Presse
Lineage (Lineage Bremerhaven GmbH),Kühllogistik / Fischlogistik,"Grönlandstraße 2, 27572 Bremerhaven (Fischereihafen)",27572,Deutschland,+49 471 95269 728,,https://www.onelineage.com/facilities/bremerhaven,"Neubau-Tiefkühlhochregallager, eröffnet 2025 (19.000 m², 40.000 Palettenplätze, direkter Kaizugang): 18 Ladetore laut Presse und Betreiberangaben",,2025,,https://www.verkehrsrundschau.de/nachrichten/lager-umschlag/lebensmittellogistik-lineage-eroeffnet-neuen-standort-in-bremerhaven-3811165,https://maps.google.com/?q=Gr%C3%B6nlandstra%C3%9Fe%202%2C%2027572%20Bremerhaven&t=k,Logistikzentren Presse
"dm-drogerie markt, Verteilzentrum Wustermark",Handelslogistik (Drogerie),"Hafenstraße 1, 14641 Wustermark",14641,Deutschland,,,https://www.dm.de/unternehmen/lust-an-zukunft/entwicklung-und-fortschritt/wustermark,"Neubau 2020 (ca. 30.000 m², automatisiertes HRL + Shuttle-Lager): große Warenumschlaghallen mit Verladetoren, Anzahl nicht veröffentlicht; Erweiterung ab 2026 geplant",,2020,,https://logistik-heute.de/news/handelslogistik-dm-verteilzentrum-wustermark-betrieb-genommen-30778.html,https://maps.google.com/?q=Hafenstra%C3%9Fe%201%2C%2014641%20Wustermark&t=k,Logistikzentren Presse
"Dirk Rossmann GmbH, Logistikzentrum Burgwedel 2.0",Handelslogistik (Drogerie),"Am Berkhopsfeld 4, 30938 Burgwedel",30938,Deutschland,,,https://unternehmen.rossmann.de,"Neubau (über 100 Mio. Euro Invest, über zwei Jahre Bauzeit): 61 Tore laut Rossmann-Pressemeldung",,,,https://unternehmen.rossmann.de/presse/pressemeldung/richtfest-fuer-das-neue-rossmann-logistikzentrum-burgwedel-20.html,https://maps.google.com/?q=Am%20Berkhopsfeld%204%2C%2030938%20Burgwedel&t=k,Logistikzentren Presse
Odenwald Quelle GmbH & Co. KG,Mineralbrunnen / Getränkeabfüller,"Ludwigstraße 100, 64646 Heppenheim",64646,Rhein-Main/Rhein-Neckar,+49 6252 123-0,info@odenwaldquelle.de,https://www.odenwaldquelle.de,Abfüllbetrieb mit eigenem Ladehof und Lkw-Verladung; laut Bergsträßer Anzeiger Expansion am Heimatstandort Heppenheim,,,,https://www.odenwaldquelle.de/impressum,https://maps.google.com/?q=Ludwigstra%C3%9Fe%20100%2C%2064646%20Heppenheim&t=k,Regional / Mittelstand
Weiser oHG Getränkefachgroßhandel,Getränkefachgroßhandel,"Darmstädter Str. 97, 64646 Heppenheim",64646,Rhein-Main/Rhein-Neckar,+49 6252 93190,,http://www.getraenkewelt-weiser.de,Getränkefachgroßhandel mit großem Lager und wöchentlichem Lieferservice,,,,https://www.gelbeseiten.de/gsbiz/18c0bb9a-7c21-477b-90f5-435b7a8bfe07,https://maps.google.com/?q=Darmst%C3%A4dter%20Str.%2097%2C%2064646%20Heppenheim&t=k,Regional / Mittelstand
JÄGER DIREKT – Jäger Fischer GmbH & Co. KG,Elektrogroßhandel,"Opusstraße 1, 64646 Heppenheim",64646,Rhein-Main/Rhein-Neckar,+49 6164 9300999,,https://www.jaeger-direkt.com,"""Elektrofabrik"" (Neubau 2016): 24.700 m² Gesamtfläche, davon 5.800 m² Lager und 1.800 m² Wareneingang/Versand mit Verladetoren",,2016,,https://www.lieferanten.de/lieferant-9172-jaeger-direkt-jaeger-fischer-gmbh-und-co-kg.html,https://maps.google.com/?q=Opusstra%C3%9Fe%201%2C%2064646%20Heppenheim&t=k,Regional / Mittelstand
Sanner GmbH,Kunststoffverpackungen für Pharma/Healthcare,"Bertha-Benz-Str. 5, 64625 Bensheim",64625,Rhein-Main/Rhein-Neckar,+49 6251 938-0,,https://www.sanner-group.com,Neue Produktions- und Hauptsitzstätte in Bensheim mit eigener Werkslogistik und Versand in über 150 Länder,,,,https://www.sanner-group.com/sanner-group/headquarters-and-sites,https://maps.google.com/?q=Bertha-Benz-Str.%205%2C%2064625%20Bensheim&t=k,Regional / Mittelstand
BENZ GmbH & Co. KG Baustoffe (NL Bensheim),Baustoffhandel,"Rudolf-Diesel-Str. 5, 64625 Bensheim",64625,Rhein-Main/Rhein-Neckar,+49 6251 1772-0,bensheim@benz-baustoffe.de,https://www.benz-baustoffe.de/standorte/bensheim/,5.200 m² Freilager (davon 1.600 m² überdacht) mit überdachter Be- und Entladezone laut Standortseite,,,,https://www.benz-baustoffe.de/standorte/bensheim/,https://maps.google.com/?q=Rudolf-Diesel-Str.%205%2C%2064625%20Bensheim&t=k,Regional / Mittelstand
Dentsply Sirona Deutschland GmbH (Werk Bensheim),Dentaltechnik / Medizintechnik-Fertigung,"Fabrikstraße 31, 64625 Bensheim",64625,Rhein-Main/Rhein-Neckar,+49 6251 16-0,,https://www.dentsplysirona.com,"Größter Fertigungsstandort des Konzerns (über 2.000 Mitarbeiter); rund 1,4 Mio. € in Logistik und neue Lkw-Zufahrt vom Berliner Ring investiert",,,,https://www.wirtschaftsregion-bergstrasse.de/neuigkeiten/dentsply-sirona-nimmt-neue-lkw-zufahrt-offiziell-in-betrieb,https://maps.google.com/?q=Fabrikstra%C3%9Fe%2031%2C%2064625%20Bensheim&t=k,Regional / Mittelstand
Alnatura Produktions- und Handels GmbH – Verteilzentrum Lorsch,Bio-Lebensmittelhandel / Distributionslogistik,"Carl-Benz-Straße 9, 64653 Lorsch",64653,Rhein-Main/Rhein-Neckar,,,https://www.alnatura.de,Vollautomatisches Holz-Hochregallager für 47.000 Paletten; ca. 4.000 Paletten Ein-/Auslagerung und 135–155 Lkw pro Tag an den Verladetoren,,2014,,https://www.alnatura.de/de-de/ueber-uns/anfahrt-alnatura-verteilzentrum-lorsch/,https://maps.google.com/?q=Carl-Benz-Stra%C3%9Fe%209%2C%2064653%20Lorsch&t=k,Regional / Mittelstand
Bürstadt Furniture GmbH,Möbelindustrie (Mitnahmemöbel),"Industriestraße 14, 68642 Bürstadt",68642,Rhein-Main/Rhein-Neckar,+49 6206 703-0,,https://www.buerstadt-furniture.de,"Über 100.000 m² Produktionsfläche, mehr als 20 Mio. Möbelpakete Versand pro Jahr ab eigenem Werkslager mit Verladerampen",,,,https://www.buerstadt-furniture.de/de/produktion/,https://maps.google.com/?q=Industriestra%C3%9Fe%2014%2C%2068642%20B%C3%BCrstadt&t=k,Regional / Mittelstand
J. N. Köbig GmbH Baustoffgroßhandel (NL Bürstadt),Baustoffgroßhandel,"Forsthausstr. 10, 68642 Bürstadt",68642,Rhein-Main/Rhein-Neckar,+49 6206 9882-0,,https://baustoffshop.koebig.de/standorte/buerstadt,Baustoff-Niederlassung mit eigenem Lager und täglichem Abhol- und Lieferverkehr (Mo–Sa geöffnet),,,,https://baustoffshop.koebig.de/standorte/buerstadt,https://maps.google.com/?q=Forsthausstr.%2010%2C%2068642%20B%C3%BCrstadt&t=k,Regional / Mittelstand
Union Bauzentrum Hornbach GmbH (NL Viernheim),Baustoffhandel,"Wiesenstraße 56, 68519 Viernheim",68519,Rhein-Main/Rhein-Neckar,+49 6204 9196-0,union-viernheim@hornbach.com,https://hornbach-baustoff-union.com/standort/viernheim/,Baustoff-Niederlassung mit eigenem Lager und Verladung für Profikunden (Mo–Sa Abholbetrieb),,,,https://hornbach-baustoff-union.com/standort/viernheim/,https://maps.google.com/?q=Wiesenstra%C3%9Fe%2056%2C%2068519%20Viernheim&t=k,Regional / Mittelstand
Landhandel Ried GmbH (Raiffeisen-Markt Biblis),Agrarhandel / Landhandel,"Eichendorffstr. 10, 68647 Biblis",68647,Rhein-Main/Rhein-Neckar,+49 6245 7007,,,"Landhandel mit Getreidehandel, Raiffeisen-Markt und eigenem Lager am Standort; Nachfolgebetrieb der Raiffeisen Warengenossenschaft Biblis",,,,https://www.goyellow.de/home/agrar-grosshandel-raiffeisen-warengenossenschaft-e-g-biblis--1095fg.html,https://maps.google.com/?q=Eichendorffstr.%2010%2C%2068647%20Biblis&t=k,Regional / Mittelstand
Pfungstädter Brauerei (Die Biermacher GmbH),Brauerei / Getränkeproduktion,"Eberstädter Straße 89, 64319 Pfungstadt",64319,Rhein-Main/Rhein-Neckar,+49 6157 802-0,info@diebiermacher.de,https://pfungstaedter.de,Traditionsbrauerei mit Abfüllung und Getränkeverladung am Brauereistandort Pfungstadt; eigene Auslieferungslogistik,,,,https://pfungstaedter.de/impressum/,https://maps.google.com/?q=Eberst%C3%A4dter%20Stra%C3%9Fe%2089%2C%2064319%20Pfungstadt&t=k,Regional / Mittelstand
Krämer Getränke GmbH & Co. KG,Getränkefachgroßhandel,"Sandwiesenstraße 36, 64665 Alsbach-Hähnlein",64665,Rhein-Main/Rhein-Neckar,+49 6257 9370-0,info@kraemergmbh.de,https://kraemergmbh.de,"Zentrallager mit 8.000 m² Lagerfläche (Neubau, Umzug 2021), über 5.000 Artikel, mehr als 30 Lkw täglich im Auslieferverkehr — Verladetore vorhanden",,2021,,https://kraemergmbh.de/wp/,https://maps.google.com/?q=Sandwiesenstra%C3%9Fe%2036%2C%2064665%20Alsbach-H%C3%A4hnlein&t=k,Regional / Mittelstand
VRM Druck GmbH & Co. KG,Zeitungsdruckerei / Druckzentrum,"Alexander-Fleming-Ring 2, 65428 Rüsselsheim am Main",65428,Rhein-Main/Rhein-Neckar,+49 6142 8336-0,info@vrm.de,https://vrm-druck.de,Eines der modernsten Zeitungsdruckzentren Europas; Papierrollen-Anlieferung und Zeitungsversand über Laderampen im 24/7-Betrieb,,,,https://vrm-druck.de/kontakt/,https://maps.google.com/?q=Alexander-Fleming-Ring%202%2C%2065428%20R%C3%BCsselsheim%20am%20Main&t=k,Regional / Mittelstand
Döhler GmbH,"Lebensmittelzutaten-Hersteller (Getränkegrundstoffe, natürliche Ingredients)","Riedstraße 7-9, 64295 Darmstadt",64295,Rhein-Main/Rhein-Neckar,+49 6151 306-0,mailbox@doehler.com,https://www.doehler.com,Großer Produktions- und Logistikstandort für Lebensmittelzutaten in Darmstadt-West mit Werksverladung und Tanklogistik,,,,https://www.doehler.com/en/imprint.html,https://maps.google.com/?q=Riedstra%C3%9Fe%207-9%2C%2064295%20Darmstadt&t=k,Regional / Mittelstand
DAW SE (Caparol / Alpina),Farben- und Lackhersteller,"Roßdörfer Straße 50, 64372 Ober-Ramstadt",64372,Rhein-Main/Rhein-Neckar,+49 6154 71-0,,https://www.daw.de,"Neues Distributionszentrum mit Hochregallager am Stammsitz Ober-Ramstadt (Baubeginn 2020, eröffnet September 2022) — umfangreiche Verladetechnik für Farbenlogistik",,2022,,https://www.malerblatt.de/betrieb-markt/daw-distributionszentrum/,https://maps.google.com/?q=Ro%C3%9Fd%C3%B6rfer%20Stra%C3%9Fe%2050%2C%2064372%20Ober-Ramstadt&t=k,Regional / Mittelstand
Segmüller Einrichtungshaus Weiterstadt (Hans Segmüller Polstermöbelfabrik GmbH & Co. KG),Möbelhandel / Möbellogistik,"Im Rödling 2, 64331 Weiterstadt",64331,Rhein-Main/Rhein-Neckar,+49 6150 136-0,weiterstadt@segmueller.de,https://www.segmueller.de,Großes Einrichtungshaus mit eigenem Möbellager und Auslieferungslogistik am Standort Weiterstadt; Lkw-Verladung für Möbelauslieferung,,,,https://www.gelbeseiten.de/gsbiz/b6894fd0-ae3d-4dd9-8d97-e00f9577fdbc,https://maps.google.com/?q=Im%20R%C3%B6dling%202%2C%2064331%20Weiterstadt&t=k,Regional / Mittelstand
"Raab Karcher Baustoffhandel (STARK Deutschland GmbH), Niederlassung Darmstadt",Baustoffhandel,"Pfnorstraße 3, 64293 Darmstadt",64293,Rhein-Main/Rhein-Neckar,+49 6151 8195-0,darmstadt@raabkarcher.de,https://www.raabkarcher.de/darmstadt/,Baustoff-Niederlassung mit eigenem Lager und Abhol-/Verladebetrieb (separate Lager-Öffnungszeiten Mo-Sa ausgewiesen),,,,https://www.raabkarcher.de/darmstadt/,https://maps.google.com/?q=Pfnorstra%C3%9Fe%203%2C%2064293%20Darmstadt&t=k,Regional / Mittelstand
Getränke Muth GmbH,Getränkefachgroßhandel,"Kurt-Schumacher-Ring 42, 64527 Büttelborn",64527,Rhein-Main/Rhein-Neckar,+49 6151 55359,info@getraenke-muth.com,https://www.getraenke-muth.com,"Familienbetrieb seit 1934; Zentrallager in Büttelborn, Abholmärkte in Darmstadt, Büttelborn und Trebur, eigener Lieferservice mit über 1.000 Artikeln",,,,https://www.getraenke-muth.com/impressum/,https://maps.google.com/?q=Kurt-Schumacher-Ring%2042%2C%2064527%20B%C3%BCttelborn&t=k,Regional / Mittelstand
Weldebräu GmbH & Co. KG (Welde Braumanufaktur),Brauerei,"Brauereistraße 1, 68723 Plankstadt",68723,Rhein-Main/Rhein-Neckar,+49 6202 9300-0,info@welde.de,https://www.welde.de,"Eigene Braustätte mit Abfüllung, Vollgut-/Leergutlager und Lkw-Verladung ab Werk",,,,https://www.welde.de/rechtliches/impressum/,https://maps.google.com/?q=Brauereistra%C3%9Fe%201%2C%2068723%20Plankstadt&t=k,Regional / Mittelstand
Heidelberger Brauerei GmbH,Brauerei,"Kurpfalzring 112, 69123 Heidelberg",69123,Rhein-Main/Rhein-Neckar,+49 6221 90140,info@heidelberger-brauerei.de,https://www.heidelberger-brauerei.de,Brauerei im Gewerbegebiet Heidelberg-Pfaffengrund mit eigenem Getränkelager und Auslieferung ab Hof,,,,https://www.heidelberger-brauerei.de/impressum/,https://maps.google.com/?q=Kurpfalzring%20112%2C%2069123%20Heidelberg&t=k,Regional / Mittelstand
RENOLIT SE,Kunststofffolien-Hersteller,"Horchheimer Straße 50, 67547 Worms",67547,Rhein-Main/Rhein-Neckar,+49 6241 303-0,,https://www.renolit.com,Stammwerk und Hauptsitz Worms; Produktionsstandort mit Folienlager und Lkw-Verladung,,,,https://www.renolit.com/en/imprint,https://maps.google.com/?q=Horchheimer%20Stra%C3%9Fe%2050%2C%2067547%20Worms&t=k,Regional / Mittelstand
Capri Sun GmbH,Getränkehersteller,"Rudolf-Wild-Straße 86-98, 69214 Eppelheim",69214,Rhein-Main/Rhein-Neckar,+49 6221 7361-0,,https://www.capri-sun.com,Getränkeproduktion am Standort Eppelheim mit Fertigwarenlager und Lkw-Verladung,,,,https://www.capri-sun.com/en/company/terms-and-conditions/,https://maps.google.com/?q=Rudolf-Wild-Stra%C3%9Fe%2086-98%2C%2069214%20Eppelheim&t=k,Regional / Mittelstand
Viscofan DE GmbH (Naturin),Hersteller von Wursthüllen / Lebensmittelverpackungen,"Badeniastraße 13, 69469 Weinheim",69469,Rhein-Main/Rhein-Neckar,+49 6201 86358,contact@bio.viscofan.com,https://www.naturin.de,Produktionswerk für Wursthüllen in Weinheim mit eigenem Versand/Warenausgang,,,,https://viscofan-bioengineering.com/imprint/,https://maps.google.com/?q=Badeniastra%C3%9Fe%2013%2C%2069469%20Weinheim&t=k,Regional / Mittelstand
Stahl Getränke GmbH,Getränkegroßhandel,"Durlacher Straße 8, 68219 Mannheim",68219,Rhein-Main/Rhein-Neckar,+49 6203 89780,info@getraenke-stahl.de,https://getraenke-stahl.de,"Getränkegroßhandel mit eigenem Lager und Ladehof in Mannheim-Rheinau; Belieferung von Gastronomie, Firmen und Wiederverkäufern",,,,https://getraenke-stahl.de/,https://maps.google.com/?q=Durlacher%20Stra%C3%9Fe%208%2C%2068219%20Mannheim&t=k,Regional / Mittelstand
Union Bauzentrum Hornbach GmbH (Niederlassung Worms),Baustoffhandel,"Kirschgartenweg 1, 67549 Worms",67549,Rhein-Main/Rhein-Neckar,+49 6241 305280,,https://hornbach-baustoff-union.com/standort/worms/,Baustoff-Niederlassung mit über 10.000 m² Gesamtfläche inkl. Baustofflager und Verladung laut Standortseite,,,,https://hornbach-baustoff-union.com/standort/worms/,https://maps.google.com/?q=Kirschgartenweg%201%2C%2067549%20Worms&t=k,Regional / Mittelstand
Print Media Group GmbH – ColorDruck Solutions,Druckerei,"Gutenbergstraße 4, 69181 Leimen",69181,Rhein-Main/Rhein-Neckar,+49 6224 7008-0,info@colordruck.com,https://colordruck.com,Bogen- und Digitaldruckerei mit eigener Logistik- und Fulfillment-Abteilung (Lager und Versand am Standort Leimen),,,,https://colordruck.com/impressum/,https://maps.google.com/?q=Gutenbergstra%C3%9Fe%204%2C%2069181%20Leimen&t=k,Regional / Mittelstand
Bäcker Görtz GmbH,Großbäckerei,"Hauptstraße 259, 67065 Ludwigshafen am Rhein",67065,Rhein-Main/Rhein-Neckar,,,https://www.baeckergoertz.de,Eigene Backstube in Ludwigshafen-Rheingönheim mit ca. 50 t Backwaren/Tag; Auslieferung an Filialen mit eigenem Fuhrpark (34 Transporter) laut Wikipedia,,,,https://de.wikipedia.org/wiki/B%C3%A4cker_G%C3%B6rtz,https://maps.google.com/?q=Hauptstra%C3%9Fe%20259%2C%2067065%20Ludwigshafen%20am%20Rhein&t=k,Regional / Mittelstand
A.K. Bender & Sohn GmbH Möbelspedition,Möbelspedition / Möbellogistik,"Friedrichstraße 32, 68199 Mannheim",68199,Rhein-Main/Rhein-Neckar,+49 621 851113,,https://www.umzuege-bender.de,"Möbelspedition seit 1900 mit eigenen Lagerhallen in Mannheim-Neckarau (u. a. Angelstraße 52 und Neckarauer Straße 35/41), Möbeleinlagerung",,,,https://www.11880.com/branchenbuch/mannheim/131903719B27967582/a-k-bender-sohn-gmbh-moebelspedition.html,https://maps.google.com/?q=Friedrichstra%C3%9Fe%2032%2C%2068199%20Mannheim&t=k,Regional / Mittelstand
LÖWEN Entertainment GmbH,Hersteller Unterhaltungs- und Geldspielautomaten,"Saarlandstraße 240, 55411 Bingen am Rhein",55411,Deutschland,+49 6721 407-0,info@loewen.de,https://www.loewen.de,"Produktions- und Logistikstandort Bingen mit Überladebrücken NovoDock L500i, Torabdichtungen NovoSeal S420 und Sektionaltoren NovoDoor Thermo 45 laut Novoferm-Objektbericht",Novoferm,,,https://www.novoferm.de/referenzen/logistik-und-produktionsgebaeude,https://maps.google.com/?q=Saarlandstra%C3%9Fe%20240%2C%2055411%20Bingen%20am%20Rhein&t=k,Regional / Mittelstand
Bayerische Staatsbrauerei Weihenstephan,Brauerei,"Alte Akademie 2, 85354 Freising",85354,Deutschland,+49 8161 536-0,info@weihenstephaner.de,https://www.weihenstephaner.de,"Logistikzentrum im Gewerbegebiet Clemensänger (eröffnet Mai 2019): 10.700 m² überdachte Fläche, 4 Rampen für Container-Be-/Entladung plus 3 Staplerverladungen laut Pressemitteilung",,2019,,https://www.lifepr.de/pressemitteilung/bayerische-staatsbrauerei-weihenstephan/Staatsbrauerei-Weihenstephan-feierte-offizielle-Eroeffnung-des-neuen-Logistikzentrums/boxid/753780,https://maps.google.com/?q=Alte%20Akademie%202%2C%2085354%20Freising&t=k,Regional / Mittelstand
Winkels Getränke Logistik GmbH & Co. Holding KG,Getränkefachgroßhandel und Getränkelogistik,"Gerhard-Rummler-Straße 1, 74343 Sachsenheim",74343,Deutschland,+49 7147 6010-0,info@winkels.de,https://winkels.de,"Vier eigene Getränke-Logistikzentren (Sachsenheim, Östringen, Donaueschingen, Stuttgart) mit Rampenverladung laut eigener Logistik-Seite",,,,https://winkels.de/logistik/index.html,https://maps.google.com/?q=Gerhard-Rummler-Stra%C3%9Fe%201%2C%2074343%20Sachsenheim&t=k,Regional / Mittelstand
Albert Leymann GmbH & Co. KG (Leymann Baustoffe),Baustoffhandel,"Nienburger Straße 105-133, 27232 Sulingen",27232,Deutschland,+49 4271 84-0,info@leymann-baustoffe.de,https://www.leymann-baustoffe.de,"Zentrale Sulingen mit Lagerhallen und Schüttgutlager, eigener Fuhrpark; 14 Standorte in Niedersachsen, Brandenburg und NRW; Standort-Modernisierung laut Weser-Kurier",,,,https://www.leymann-baustoffe.de/standorte/sulingen/,https://maps.google.com/?q=Nienburger%20Stra%C3%9Fe%20105-133%2C%2027232%20Sulingen&t=k,Regional / Mittelstand
Onlineprinters GmbH,Onlinedruckerei,"Rudolf-Diesel-Straße 10, 91413 Neustadt an der Aisch",91413,Deutschland,+49 9161 6209800,,https://www.onlineprinters.de,Großdruckerei mit eigener Produktion und Versandlogistik am Standort Neustadt an der Aisch (Produktionsgesellschaft Onlineprinters Produktions GmbH am selben Standort),,,,https://branchenbuch.meinestadt.de/neustadt-aisch/company/5599833,https://maps.google.com/?q=Rudolf-Diesel-Stra%C3%9Fe%2010%2C%2091413%20Neustadt%20an%20der%20Aisch&t=k,Regional / Mittelstand
Develey Senf & Feinkost GmbH (Werk Dingolfing),"Lebensmittelhersteller (Senf, Saucen, Feinkost)","Schwaiger Str. 62, 84130 Dingolfing",84130,Deutschland,+49 8731 3768-0,,https://www.develey.de,"Größter Produktionsstandort der Develey-Gruppe; automatisches Hochregallager in Silobauweise (43 m, über 22.500 Stellplätze, GU Jungheinrich) mit LKW-Verladung laut Logistik Heute",,,,https://logistik-heute.de/news/senf-im-silo-8917.html,https://maps.google.com/?q=Schwaiger%20Str.%2062%2C%2084130%20Dingolfing&t=k,Regional / Mittelstand
Getränke Essmann KG,Getränkefachgroßhandel und Systemlogistik,"Pöttkerdiek 2, 49808 Lingen (Ems)",49808,Deutschland,+49 591 9130-0,,https://www.getraenke-essmann.de,"Getränkefachgroßhändler und Systemlogistiker des LEH für Nordwestdeutschland/NRW mit eigenen Logistikstandorten in Lingen, Westerstede, Dorsten, Bordesholm, Aschersleben und Berlin-Potsdam",,,,https://www.getraenke-essmann.de/ueber-uns.html,https://maps.google.com/?q=P%C3%B6ttkerdiek%202%2C%2049808%20Lingen%20%28Ems%29&t=k,Regional / Mittelstand
WGL Westdeutsche Getränkelogistik GmbH & Co. KG,Getränkelogistik,"Flautweg 5, 44329 Dortmund",44329,Deutschland,+49 231 8866-0,info-wgl@w-gv.de,https://www.w-gl.de,Getränkelogistiker mit eigenem Lager- und Fuhrparkbetrieb am Standort Dortmund,,,,https://w-gl.de/kontakt.html,https://maps.google.com/?q=Flautweg%205%2C%2044329%20Dortmund&t=k,Regional / Mittelstand
